{"cameraMode":{"drawMode":0,"name":"Shaded","section":"Shading Mode"},"sceneLighting":true,"audioPlay":false,"sceneViewState":{"showFog":true,"showMaterialUpdate":false,"showSkybox":true,"showFlares":true,"showImageEffects":true,"showParticleSystems":true},"in2DMode":false,"pivot":{"x":-5.764013290405273,"y":0.7638143301010132,"z":-4.095149517059326},"rotation":{"x":-0.014864519238471985,"y":0.9464672207832336,"z":-0.04404245316982269,"w":-0.31943702697753909},"size":6.9443440437316898,"orthographic":false}