{"cameraMode":{"drawMode":0,"name":"Shaded","section":"Shading Mode"},"sceneLighting":true,"audioPlay":false,"sceneViewState":{"showFog":true,"showMaterialUpdate":false,"showSkybox":true,"showFlares":true,"showImageEffects":true,"showParticleSystems":true},"in2DMode":false,"pivot":{"x":-2.2684288024902345,"y":2.0722312927246095,"z":11.359413146972657},"rotation":{"x":-0.23512941598892213,"y":0.14255747199058534,"z":-0.03488622605800629,"w":-0.9608228802680969},"size":927.0584716796875,"orthographic":false}